statistics_code;statistics_label;time_code;time_label;time;1_variable_code;1_variable_label;1_variable_attribute_code;1_variable_attribute_label;2_variable_code;2_variable_label;2_variable_attribute_code;2_variable_attribute_label;value;value_unit;value_variable_code;value_variable_label;value_q
41261;Holzeinschlagsstatistik (forstl. Erzeugerbetriebe);JAHR;Jahr;2016;DINSG;Deutschland insgesamt;DG;Deutschland;HAGR01;Holzartengruppen;HLZ-KIEF-LAER;Kiefer und Lärche;12574,2;1000 cbm;HES001;Holzeinschlag;e
41261;Holzeinschlagsstatistik (forstl. Erzeugerbetriebe);JAHR;Jahr;2012;DINSG;Deutschland insgesamt;DG;Deutschland;HAGR01;Holzartengruppen;HLZ-KIEF-LAER;Kiefer und Lärche;13254,3;1000 cbm;HES001;Holzeinschlag;e
41261;Holzeinschlagsstatistik (forstl. Erzeugerbetriebe);JAHR;Jahr;2018;DINSG;Deutschland insgesamt;DG;Deutschland;HAGR01;Holzartengruppen;HLZ-BUCH-LAUB;Buche und sonstiges Laubholz;10995,9;1000 cbm;HES001;Holzeinschlag;e
41261;Holzeinschlagsstatistik (forstl. Erzeugerbetriebe);JAHR;Jahr;2001;DINSG;Deutschland insgesamt;DG;Deutschland;HAGR01;Holzartengruppen;HLZ-EICH-REIC;Eiche und Roteiche;1818,5;1000 cbm;HES001;Holzeinschlag;e
41261;Holzeinschlagsstatistik (forstl. Erzeugerbetriebe);JAHR;Jahr;2015;DINSG;Deutschland insgesamt;DG;Deutschland;HAGR01;Holzartengruppen;;Insgesamt;55612,7;1000 cbm;HES001;Holzeinschlag;e
41261;Holzeinschlagsstatistik (forstl. Erzeugerbetriebe);JAHR;Jahr;2024;DINSG;Deutschland insgesamt;DG;Deutschland;HAGR01;Holzartengruppen;HLZ-EICH-REIC;Eiche und Roteiche;1724,7;1000 cbm;HES001;Holzeinschlag;e
41261;Holzeinschlagsstatistik (forstl. Erzeugerbetriebe);JAHR;Jahr;2017;DINSG;Deutschland insgesamt;DG;Deutschland;HAGR01;Holzartengruppen;HLZ-FICH-UA;Fichte, Tanne, Douglasie und sonstiges Nadelholz;28877,9;1000 cbm;HES001;Holzeinschlag;e
41261;Holzeinschlagsstatistik (forstl. Erzeugerbetriebe);JAHR;Jahr;2011;DINSG;Deutschland insgesamt;DG;Deutschland;HAGR01;Holzartengruppen;;Insgesamt;56141,6;1000 cbm;HES001;Holzeinschlag;e
41261;Holzeinschlagsstatistik (forstl. Erzeugerbetriebe);JAHR;Jahr;2020;DINSG;Deutschland insgesamt;DG;Deutschland;HAGR01;Holzartengruppen;HLZ-EICH-REIC;Eiche und Roteiche;1362,2;1000 cbm;HES001;Holzeinschlag;e
41261;Holzeinschlagsstatistik (forstl. Erzeugerbetriebe);JAHR;Jahr;2009;DINSG;Deutschland insgesamt;DG;Deutschland;HAGR01;Holzartengruppen;HLZ-EICH-REIC;Eiche und Roteiche;1687,7;1000 cbm;HES001;Holzeinschlag;e
41261;Holzeinschlagsstatistik (forstl. Erzeugerbetriebe);JAHR;Jahr;2013;DINSG;Deutschland insgesamt;DG;Deutschland;HAGR01;Holzartengruppen;HLZ-FICH-UA;Fichte, Tanne, Douglasie und sonstiges Nadelholz;25359,2;1000 cbm;HES001;Holzeinschlag;e
41261;Holzeinschlagsstatistik (forstl. Erzeugerbetriebe);JAHR;Jahr;2010;DINSG;Deutschland insgesamt;DG;Deutschland;HAGR01;Holzartengruppen;HLZ-BUCH-LAUB;Buche und sonstiges Laubholz;10176,1;1000 cbm;HES001;Holzeinschlag;e
41261;Holzeinschlagsstatistik (forstl. Erzeugerbetriebe);JAHR;Jahr;2005;DINSG;Deutschland insgesamt;DG;Deutschland;HAGR01;Holzartengruppen;HLZ-EICH-REIC;Eiche und Roteiche;2202,1;1000 cbm;HES001;Holzeinschlag;e
41261;Holzeinschlagsstatistik (forstl. Erzeugerbetriebe);JAHR;Jahr;2019;DINSG;Deutschland insgesamt;DG;Deutschland;HAGR01;Holzartengruppen;;Insgesamt;68872,4;1000 cbm;HES001;Holzeinschlag;e
41261;Holzeinschlagsstatistik (forstl. Erzeugerbetriebe);JAHR;Jahr;2014;DINSG;Deutschland insgesamt;DG;Deutschland;HAGR01;Holzartengruppen;HLZ-BUCH-LAUB;Buche und sonstiges Laubholz;12017,3;1000 cbm;HES001;Holzeinschlag;e
41261;Holzeinschlagsstatistik (forstl. Erzeugerbetriebe);JAHR;Jahr;2006;DINSG;Deutschland insgesamt;DG;Deutschland;HAGR01;Holzartengruppen;HLZ-BUCH-LAUB;Buche und sonstiges Laubholz;10320,1;1000 cbm;HES001;Holzeinschlag;e
41261;Holzeinschlagsstatistik (forstl. Erzeugerbetriebe);JAHR;Jahr;2000;DINSG;Deutschland insgesamt;DG;Deutschland;HAGR01;Holzartengruppen;HLZ-KIEF-LAER;Kiefer und Lärche;9020,6;1000 cbm;HES001;Holzeinschlag;e
41261;Holzeinschlagsstatistik (forstl. Erzeugerbetriebe);JAHR;Jahr;1998;DINSG;Deutschland insgesamt;DG;Deutschland;HAGR01;Holzartengruppen;HLZ-BUCH-LAUB;Buche und sonstiges Laubholz;8054,0;1000 cbm;HES001;Holzeinschlag;e
41261;Holzeinschlagsstatistik (forstl. Erzeugerbetriebe);JAHR;Jahr;2008;DINSG;Deutschland insgesamt;DG;Deutschland;HAGR01;Holzartengruppen;HLZ-KIEF-LAER;Kiefer und Lärche;11176,9;1000 cbm;HES001;Holzeinschlag;e
41261;Holzeinschlagsstatistik (forstl. Erzeugerbetriebe);JAHR;Jahr;2023;DINSG;Deutschland insgesamt;DG;Deutschland;HAGR01;Holzartengruppen;HLZ-KIEF-LAER;Kiefer und Lärche;11495,4;1000 cbm;HES001;Holzeinschlag;e
41261;Holzeinschlagsstatistik (forstl. Erzeugerbetriebe);JAHR;Jahr;2004;DINSG;Deutschland insgesamt;DG;Deutschland;HAGR01;Holzartengruppen;HLZ-KIEF-LAER;Kiefer und Lärche;10344,6;1000 cbm;HES001;Holzeinschlag;e
41261;Holzeinschlagsstatistik (forstl. Erzeugerbetriebe);JAHR;Jahr;2012;DINSG;Deutschland insgesamt;DG;Deutschland;HAGR01;Holzartengruppen;HLZ-EICH-REIC;Eiche und Roteiche;2049,9;1000 cbm;HES001;Holzeinschlag;e
41261;Holzeinschlagsstatistik (forstl. Erzeugerbetriebe);JAHR;Jahr;2000;DINSG;Deutschland insgesamt;DG;Deutschland;HAGR01;Holzartengruppen;;Insgesamt;53710,2;1000 cbm;HES001;Holzeinschlag;e
41261;Holzeinschlagsstatistik (forstl. Erzeugerbetriebe);JAHR;Jahr;2006;DINSG;Deutschland insgesamt;DG;Deutschland;HAGR01;Holzartengruppen;HLZ-FICH-UA;Fichte, Tanne, Douglasie und sonstiges Nadelholz;37206,5;1000 cbm;HES001;Holzeinschlag;e
41261;Holzeinschlagsstatistik (forstl. Erzeugerbetriebe);JAHR;Jahr;2023;DINSG;Deutschland insgesamt;DG;Deutschland;HAGR01;Holzartengruppen;;Insgesamt;70606,5;1000 cbm;HES001;Holzeinschlag;e
41261;Holzeinschlagsstatistik (forstl. Erzeugerbetriebe);JAHR;Jahr;2004;DINSG;Deutschland insgesamt;DG;Deutschland;HAGR01;Holzartengruppen;;Insgesamt;54504,6;1000 cbm;HES001;Holzeinschlag;e
41261;Holzeinschlagsstatistik (forstl. Erzeugerbetriebe);JAHR;Jahr;2025;DINSG;Deutschland insgesamt;DG;Deutschland;HAGR01;Holzartengruppen;HLZ-FICH-UA;Fichte, Tanne, Douglasie und sonstiges Nadelholz;32350,6;1000 cbm;HES001;Holzeinschlag;e
41261;Holzeinschlagsstatistik (forstl. Erzeugerbetriebe);JAHR;Jahr;2002;DINSG;Deutschland insgesamt;DG;Deutschland;HAGR01;Holzartengruppen;HLZ-FICH-UA;Fichte, Tanne, Douglasie und sonstiges Nadelholz;23976,7;1000 cbm;HES001;Holzeinschlag;e
41261;Holzeinschlagsstatistik (forstl. Erzeugerbetriebe);JAHR;Jahr;2021;DINSG;Deutschland insgesamt;DG;Deutschland;HAGR01;Holzartengruppen;HLZ-BUCH-LAUB;Buche und sonstiges Laubholz;9071,1;1000 cbm;HES001;Holzeinschlag;e
41261;Holzeinschlagsstatistik (forstl. Erzeugerbetriebe);JAHR;Jahr;2008;DINSG;Deutschland insgesamt;DG;Deutschland;HAGR01;Holzartengruppen;;Insgesamt;55367,0;1000 cbm;HES001;Holzeinschlag;e
41261;Holzeinschlagsstatistik (forstl. Erzeugerbetriebe);JAHR;Jahr;2021;DINSG;Deutschland insgesamt;DG;Deutschland;HAGR01;Holzartengruppen;HLZ-FICH-UA;Fichte, Tanne, Douglasie und sonstiges Nadelholz;62072,4;1000 cbm;HES001;Holzeinschlag;e
41261;Holzeinschlagsstatistik (forstl. Erzeugerbetriebe);JAHR;Jahr;2016;DINSG;Deutschland insgesamt;DG;Deutschland;HAGR01;Holzartengruppen;HLZ-EICH-REIC;Eiche und Roteiche;2135,0;1000 cbm;HES001;Holzeinschlag;e
41261;Holzeinschlagsstatistik (forstl. Erzeugerbetriebe);JAHR;Jahr;2002;DINSG;Deutschland insgesamt;DG;Deutschland;HAGR01;Holzartengruppen;HLZ-BUCH-LAUB;Buche und sonstiges Laubholz;7640,3;1000 cbm;HES001;Holzeinschlag;e
41261;Holzeinschlagsstatistik (forstl. Erzeugerbetriebe);JAHR;Jahr;2025;DINSG;Deutschland insgesamt;DG;Deutschland;HAGR01;Holzartengruppen;HLZ-BUCH-LAUB;Buche und sonstiges Laubholz;9900,1;1000 cbm;HES001;Holzeinschlag;e
41261;Holzeinschlagsstatistik (forstl. Erzeugerbetriebe);JAHR;Jahr;2015;DINSG;Deutschland insgesamt;DG;Deutschland;HAGR01;Holzartengruppen;HLZ-KIEF-LAER;Kiefer und Lärche;12564,0;1000 cbm;HES001;Holzeinschlag;e
41261;Holzeinschlagsstatistik (forstl. Erzeugerbetriebe);JAHR;Jahr;2017;DINSG;Deutschland insgesamt;DG;Deutschland;HAGR01;Holzartengruppen;HLZ-BUCH-LAUB;Buche und sonstiges Laubholz;10648,6;1000 cbm;HES001;Holzeinschlag;e
41261;Holzeinschlagsstatistik (forstl. Erzeugerbetriebe);JAHR;Jahr;2011;DINSG;Deutschland insgesamt;DG;Deutschland;HAGR01;Holzartengruppen;HLZ-KIEF-LAER;Kiefer und Lärche;13611,2;1000 cbm;HES001;Holzeinschlag;e
41261;Holzeinschlagsstatistik (forstl. Erzeugerbetriebe);JAHR;Jahr;2019;DINSG;Deutschland insgesamt;DG;Deutschland;HAGR01;Holzartengruppen;HLZ-KIEF-LAER;Kiefer und Lärche;9321,4;1000 cbm;HES001;Holzeinschlag;e
41261;Holzeinschlagsstatistik (forstl. Erzeugerbetriebe);JAHR;Jahr;2002;DINSG;Deutschland insgesamt;DG;Deutschland;HAGR01;Holzartengruppen;HLZ-EICH-REIC;Eiche und Roteiche;1562,5;1000 cbm;HES001;Holzeinschlag;e
41261;Holzeinschlagsstatistik (forstl. Erzeugerbetriebe);JAHR;Jahr;2016;DINSG;Deutschland insgesamt;DG;Deutschland;HAGR01;Holzartengruppen;;Insgesamt;52193,5;1000 cbm;HES001;Holzeinschlag;e
41261;Holzeinschlagsstatistik (forstl. Erzeugerbetriebe);JAHR;Jahr;2021;DINSG;Deutschland insgesamt;DG;Deutschland;HAGR01;Holzartengruppen;HLZ-EICH-REIC;Eiche und Roteiche;1755,3;1000 cbm;HES001;Holzeinschlag;e
41261;Holzeinschlagsstatistik (forstl. Erzeugerbetriebe);JAHR;Jahr;2016;DINSG;Deutschland insgesamt;DG;Deutschland;HAGR01;Holzartengruppen;HLZ-FICH-UA;Fichte, Tanne, Douglasie und sonstiges Nadelholz;26477,6;1000 cbm;HES001;Holzeinschlag;e
41261;Holzeinschlagsstatistik (forstl. Erzeugerbetriebe);JAHR;Jahr;2012;DINSG;Deutschland insgesamt;DG;Deutschland;HAGR01;Holzartengruppen;;Insgesamt;52338,1;1000 cbm;HES001;Holzeinschlag;e
41261;Holzeinschlagsstatistik (forstl. Erzeugerbetriebe);JAHR;Jahr;2012;DINSG;Deutschland insgesamt;DG;Deutschland;HAGR01;Holzartengruppen;HLZ-FICH-UA;Fichte, Tanne, Douglasie und sonstiges Nadelholz;25210,3;1000 cbm;HES001;Holzeinschlag;e
41261;Holzeinschlagsstatistik (forstl. Erzeugerbetriebe);JAHR;Jahr;2013;DINSG;Deutschland insgesamt;DG;Deutschland;HAGR01;Holzartengruppen;HLZ-BUCH-LAUB;Buche und sonstiges Laubholz;12070,9;1000 cbm;HES001;Holzeinschlag;e
41261;Holzeinschlagsstatistik (forstl. Erzeugerbetriebe);JAHR;Jahr;2006;DINSG;Deutschland insgesamt;DG;Deutschland;HAGR01;Holzartengruppen;HLZ-EICH-REIC;Eiche und Roteiche;2484,4;1000 cbm;HES001;Holzeinschlag;e
41261;Holzeinschlagsstatistik (forstl. Erzeugerbetriebe);JAHR;Jahr;2025;DINSG;Deutschland insgesamt;DG;Deutschland;HAGR01;Holzartengruppen;HLZ-EICH-REIC;Eiche und Roteiche;1860,6;1000 cbm;HES001;Holzeinschlag;e
41261;Holzeinschlagsstatistik (forstl. Erzeugerbetriebe);JAHR;Jahr;2005;DINSG;Deutschland insgesamt;DG;Deutschland;HAGR01;Holzartengruppen;HLZ-BUCH-LAUB;Buche und sonstiges Laubholz;8802,3;1000 cbm;HES001;Holzeinschlag;e
41261;Holzeinschlagsstatistik (forstl. Erzeugerbetriebe);JAHR;Jahr;2003;DINSG;Deutschland insgesamt;DG;Deutschland;HAGR01;Holzartengruppen;HLZ-KIEF-LAER;Kiefer und Lärche;9771,2;1000 cbm;HES001;Holzeinschlag;e
41261;Holzeinschlagsstatistik (forstl. Erzeugerbetriebe);JAHR;Jahr;2009;DINSG;Deutschland insgesamt;DG;Deutschland;HAGR01;Holzartengruppen;HLZ-BUCH-LAUB;Buche und sonstiges Laubholz;9335,8;1000 cbm;HES001;Holzeinschlag;e
41261;Holzeinschlagsstatistik (forstl. Erzeugerbetriebe);JAHR;Jahr;1999;DINSG;Deutschland insgesamt;DG;Deutschland;HAGR01;Holzartengruppen;;Insgesamt;37636,0;1000 cbm;HES001;Holzeinschlag;e
41261;Holzeinschlagsstatistik (forstl. Erzeugerbetriebe);JAHR;Jahr;2020;DINSG;Deutschland insgesamt;DG;Deutschland;HAGR01;Holzartengruppen;;Insgesamt;80420,4;1000 cbm;HES001;Holzeinschlag;e
41261;Holzeinschlagsstatistik (forstl. Erzeugerbetriebe);JAHR;Jahr;1999;DINSG;Deutschland insgesamt;DG;Deutschland;HAGR01;Holzartengruppen;HLZ-BUCH-LAUB;Buche und sonstiges Laubholz;8269,0;1000 cbm;HES001;Holzeinschlag;e
41261;Holzeinschlagsstatistik (forstl. Erzeugerbetriebe);JAHR;Jahr;2007;DINSG;Deutschland insgesamt;DG;Deutschland;HAGR01;Holzartengruppen;HLZ-KIEF-LAER;Kiefer und Lärche;13234,8;1000 cbm;HES001;Holzeinschlag;e
41261;Holzeinschlagsstatistik (forstl. Erzeugerbetriebe);JAHR;Jahr;2022;DINSG;Deutschland insgesamt;DG;Deutschland;HAGR01;Holzartengruppen;HLZ-KIEF-LAER;Kiefer und Lärche;13378,1;1000 cbm;HES001;Holzeinschlag;e
41261;Holzeinschlagsstatistik (forstl. Erzeugerbetriebe);JAHR;Jahr;2009;DINSG;Deutschland insgesamt;DG;Deutschland;HAGR01;Holzartengruppen;HLZ-FICH-UA;Fichte, Tanne, Douglasie und sonstiges Nadelholz;26940,3;1000 cbm;HES001;Holzeinschlag;e
41261;Holzeinschlagsstatistik (forstl. Erzeugerbetriebe);JAHR;Jahr;2013;DINSG;Deutschland insgesamt;DG;Deutschland;HAGR01;Holzartengruppen;HLZ-EICH-REIC;Eiche und Roteiche;2244,6;1000 cbm;HES001;Holzeinschlag;e
41261;Holzeinschlagsstatistik (forstl. Erzeugerbetriebe);JAHR;Jahr;2001;DINSG;Deutschland insgesamt;DG;Deutschland;HAGR01;Holzartengruppen;;Insgesamt;39482,0;1000 cbm;HES001;Holzeinschlag;e
41261;Holzeinschlagsstatistik (forstl. Erzeugerbetriebe);JAHR;Jahr;2005;DINSG;Deutschland insgesamt;DG;Deutschland;HAGR01;Holzartengruppen;HLZ-FICH-UA;Fichte, Tanne, Douglasie und sonstiges Nadelholz;34590,0;1000 cbm;HES001;Holzeinschlag;e
41261;Holzeinschlagsstatistik (forstl. Erzeugerbetriebe);JAHR;Jahr;2005;DINSG;Deutschland insgesamt;DG;Deutschland;HAGR01;Holzartengruppen;;Insgesamt;56946,3;1000 cbm;HES001;Holzeinschlag;e
41261;Holzeinschlagsstatistik (forstl. Erzeugerbetriebe);JAHR;Jahr;2024;DINSG;Deutschland insgesamt;DG;Deutschland;HAGR01;Holzartengruppen;;Insgesamt;61183,0;1000 cbm;HES001;Holzeinschlag;e
41261;Holzeinschlagsstatistik (forstl. Erzeugerbetriebe);JAHR;Jahr;2024;DINSG;Deutschland insgesamt;DG;Deutschland;HAGR01;Holzartengruppen;HLZ-FICH-UA;Fichte, Tanne, Douglasie und sonstiges Nadelholz;37745,9;1000 cbm;HES001;Holzeinschlag;e
41261;Holzeinschlagsstatistik (forstl. Erzeugerbetriebe);JAHR;Jahr;2001;DINSG;Deutschland insgesamt;DG;Deutschland;HAGR01;Holzartengruppen;HLZ-FICH-UA;Fichte, Tanne, Douglasie und sonstiges Nadelholz;19810,2;1000 cbm;HES001;Holzeinschlag;e
41261;Holzeinschlagsstatistik (forstl. Erzeugerbetriebe);JAHR;Jahr;2020;DINSG;Deutschland insgesamt;DG;Deutschland;HAGR01;Holzartengruppen;HLZ-BUCH-LAUB;Buche und sonstiges Laubholz;8847,1;1000 cbm;HES001;Holzeinschlag;e
41261;Holzeinschlagsstatistik (forstl. Erzeugerbetriebe);JAHR;Jahr;2009;DINSG;Deutschland insgesamt;DG;Deutschland;HAGR01;Holzartengruppen;;Insgesamt;48073,3;1000 cbm;HES001;Holzeinschlag;e
41261;Holzeinschlagsstatistik (forstl. Erzeugerbetriebe);JAHR;Jahr;2001;DINSG;Deutschland insgesamt;DG;Deutschland;HAGR01;Holzartengruppen;HLZ-BUCH-LAUB;Buche und sonstiges Laubholz;8957,1;1000 cbm;HES001;Holzeinschlag;e
41261;Holzeinschlagsstatistik (forstl. Erzeugerbetriebe);JAHR;Jahr;2020;DINSG;Deutschland insgesamt;DG;Deutschland;HAGR01;Holzartengruppen;HLZ-FICH-UA;Fichte, Tanne, Douglasie und sonstiges Nadelholz;62166,9;1000 cbm;HES001;Holzeinschlag;e
41261;Holzeinschlagsstatistik (forstl. Erzeugerbetriebe);JAHR;Jahr;2017;DINSG;Deutschland insgesamt;DG;Deutschland;HAGR01;Holzartengruppen;HLZ-EICH-REIC;Eiche und Roteiche;1947,7;1000 cbm;HES001;Holzeinschlag;e
41261;Holzeinschlagsstatistik (forstl. Erzeugerbetriebe);JAHR;Jahr;2024;DINSG;Deutschland insgesamt;DG;Deutschland;HAGR01;Holzartengruppen;HLZ-BUCH-LAUB;Buche und sonstiges Laubholz;9670,9;1000 cbm;HES001;Holzeinschlag;e
41261;Holzeinschlagsstatistik (forstl. Erzeugerbetriebe);JAHR;Jahr;2016;DINSG;Deutschland insgesamt;DG;Deutschland;HAGR01;Holzartengruppen;HLZ-BUCH-LAUB;Buche und sonstiges Laubholz;11006,7;1000 cbm;HES001;Holzeinschlag;e
41261;Holzeinschlagsstatistik (forstl. Erzeugerbetriebe);JAHR;Jahr;1999;DINSG;Deutschland insgesamt;DG;Deutschland;HAGR01;Holzartengruppen;HLZ-FICH-UA;Fichte, Tanne, Douglasie und sonstiges Nadelholz;18665,0;1000 cbm;HES001;Holzeinschlag;e
41261;Holzeinschlagsstatistik (forstl. Erzeugerbetriebe);JAHR;Jahr;2018;DINSG;Deutschland insgesamt;DG;Deutschland;HAGR01;Holzartengruppen;HLZ-KIEF-LAER;Kiefer und Lärche;12100,1;1000 cbm;HES001;Holzeinschlag;e
41261;Holzeinschlagsstatistik (forstl. Erzeugerbetriebe);JAHR;Jahr;2010;DINSG;Deutschland insgesamt;DG;Deutschland;HAGR01;Holzartengruppen;HLZ-KIEF-LAER;Kiefer und Lärche;11995,1;1000 cbm;HES001;Holzeinschlag;e
41261;Holzeinschlagsstatistik (forstl. Erzeugerbetriebe);JAHR;Jahr;2014;DINSG;Deutschland insgesamt;DG;Deutschland;HAGR01;Holzartengruppen;HLZ-KIEF-LAER;Kiefer und Lärche;13293,1;1000 cbm;HES001;Holzeinschlag;e
41261;Holzeinschlagsstatistik (forstl. Erzeugerbetriebe);JAHR;Jahr;2019;DINSG;Deutschland insgesamt;DG;Deutschland;HAGR01;Holzartengruppen;HLZ-FICH-UA;Fichte, Tanne, Douglasie und sonstiges Nadelholz;47834,1;1000 cbm;HES001;Holzeinschlag;e
41261;Holzeinschlagsstatistik (forstl. Erzeugerbetriebe);JAHR;Jahr;2022;DINSG;Deutschland insgesamt;DG;Deutschland;HAGR01;Holzartengruppen;HLZ-EICH-REIC;Eiche und Roteiche;1807,5;1000 cbm;HES001;Holzeinschlag;e
41261;Holzeinschlagsstatistik (forstl. Erzeugerbetriebe);JAHR;Jahr;2017;DINSG;Deutschland insgesamt;DG;Deutschland;HAGR01;Holzartengruppen;;Insgesamt;53490,7;1000 cbm;HES001;Holzeinschlag;e
41261;Holzeinschlagsstatistik (forstl. Erzeugerbetriebe);JAHR;Jahr;2015;DINSG;Deutschland insgesamt;DG;Deutschland;HAGR01;Holzartengruppen;HLZ-FICH-UA;Fichte, Tanne, Douglasie und sonstiges Nadelholz;29485,6;1000 cbm;HES001;Holzeinschlag;e
41261;Holzeinschlagsstatistik (forstl. Erzeugerbetriebe);JAHR;Jahr;2013;DINSG;Deutschland insgesamt;DG;Deutschland;HAGR01;Holzartengruppen;;Insgesamt;53207,4;1000 cbm;HES001;Holzeinschlag;e
41261;Holzeinschlagsstatistik (forstl. Erzeugerbetriebe);JAHR;Jahr;2007;DINSG;Deutschland insgesamt;DG;Deutschland;HAGR01;Holzartengruppen;HLZ-EICH-REIC;Eiche und Roteiche;2135,1;1000 cbm;HES001;Holzeinschlag;e
41261;Holzeinschlagsstatistik (forstl. Erzeugerbetriebe);JAHR;Jahr;2011;DINSG;Deutschland insgesamt;DG;Deutschland;HAGR01;Holzartengruppen;HLZ-FICH-UA;Fichte, Tanne, Douglasie und sonstiges Nadelholz;28098,6;1000 cbm;HES001;Holzeinschlag;e
41261;Holzeinschlagsstatistik (forstl. Erzeugerbetriebe);JAHR;Jahr;2012;DINSG;Deutschland insgesamt;DG;Deutschland;HAGR01;Holzartengruppen;HLZ-BUCH-LAUB;Buche und sonstiges Laubholz;11823,5;1000 cbm;HES001;Holzeinschlag;e
41261;Holzeinschlagsstatistik (forstl. Erzeugerbetriebe);JAHR;Jahr;2003;DINSG;Deutschland insgesamt;DG;Deutschland;HAGR01;Holzartengruppen;HLZ-EICH-REIC;Eiche und Roteiche;2067,7;1000 cbm;HES001;Holzeinschlag;e
41261;Holzeinschlagsstatistik (forstl. Erzeugerbetriebe);JAHR;Jahr;2002;DINSG;Deutschland insgesamt;DG;Deutschland;HAGR01;Holzartengruppen;HLZ-KIEF-LAER;Kiefer und Lärche;9200,5;1000 cbm;HES001;Holzeinschlag;e
41261;Holzeinschlagsstatistik (forstl. Erzeugerbetriebe);JAHR;Jahr;2008;DINSG;Deutschland insgesamt;DG;Deutschland;HAGR01;Holzartengruppen;HLZ-BUCH-LAUB;Buche und sonstiges Laubholz;10525,4;1000 cbm;HES001;Holzeinschlag;e
41261;Holzeinschlagsstatistik (forstl. Erzeugerbetriebe);JAHR;Jahr;2000;DINSG;Deutschland insgesamt;DG;Deutschland;HAGR01;Holzartengruppen;HLZ-BUCH-LAUB;Buche und sonstiges Laubholz;8747,5;1000 cbm;HES001;Holzeinschlag;e
41261;Holzeinschlagsstatistik (forstl. Erzeugerbetriebe);JAHR;Jahr;1998;DINSG;Deutschland insgesamt;DG;Deutschland;HAGR01;Holzartengruppen;;Insgesamt;39053,0;1000 cbm;HES001;Holzeinschlag;e
41261;Holzeinschlagsstatistik (forstl. Erzeugerbetriebe);JAHR;Jahr;1999;DINSG;Deutschland insgesamt;DG;Deutschland;HAGR01;Holzartengruppen;HLZ-EICH-REIC;Eiche und Roteiche;1456,0;1000 cbm;HES001;Holzeinschlag;e
41261;Holzeinschlagsstatistik (forstl. Erzeugerbetriebe);JAHR;Jahr;2021;DINSG;Deutschland insgesamt;DG;Deutschland;HAGR01;Holzartengruppen;HLZ-KIEF-LAER;Kiefer und Lärche;10058,2;1000 cbm;HES001;Holzeinschlag;e
41261;Holzeinschlagsstatistik (forstl. Erzeugerbetriebe);JAHR;Jahr;2006;DINSG;Deutschland insgesamt;DG;Deutschland;HAGR01;Holzartengruppen;HLZ-KIEF-LAER;Kiefer und Lärche;12279,1;1000 cbm;HES001;Holzeinschlag;e
41261;Holzeinschlagsstatistik (forstl. Erzeugerbetriebe);JAHR;Jahr;2025;DINSG;Deutschland insgesamt;DG;Deutschland;HAGR01;Holzartengruppen;HLZ-KIEF-LAER;Kiefer und Lärche;13150,2;1000 cbm;HES001;Holzeinschlag;e
41261;Holzeinschlagsstatistik (forstl. Erzeugerbetriebe);JAHR;Jahr;2002;DINSG;Deutschland insgesamt;DG;Deutschland;HAGR01;Holzartengruppen;;Insgesamt;42379,9;1000 cbm;HES001;Holzeinschlag;e
41261;Holzeinschlagsstatistik (forstl. Erzeugerbetriebe);JAHR;Jahr;2025;DINSG;Deutschland insgesamt;DG;Deutschland;HAGR01;Holzartengruppen;;Insgesamt;57261,4;1000 cbm;HES001;Holzeinschlag;e
41261;Holzeinschlagsstatistik (forstl. Erzeugerbetriebe);JAHR;Jahr;2010;DINSG;Deutschland insgesamt;DG;Deutschland;HAGR01;Holzartengruppen;HLZ-EICH-REIC;Eiche und Roteiche;1801,9;1000 cbm;HES001;Holzeinschlag;e
41261;Holzeinschlagsstatistik (forstl. Erzeugerbetriebe);JAHR;Jahr;2008;DINSG;Deutschland insgesamt;DG;Deutschland;HAGR01;Holzartengruppen;HLZ-FICH-UA;Fichte, Tanne, Douglasie und sonstiges Nadelholz;31575,8;1000 cbm;HES001;Holzeinschlag;e
41261;Holzeinschlagsstatistik (forstl. Erzeugerbetriebe);JAHR;Jahr;2021;DINSG;Deutschland insgesamt;DG;Deutschland;HAGR01;Holzartengruppen;;Insgesamt;82957,0;1000 cbm;HES001;Holzeinschlag;e
41261;Holzeinschlagsstatistik (forstl. Erzeugerbetriebe);JAHR;Jahr;2006;DINSG;Deutschland insgesamt;DG;Deutschland;HAGR01;Holzartengruppen;;Insgesamt;62290,1;1000 cbm;HES001;Holzeinschlag;e
41261;Holzeinschlagsstatistik (forstl. Erzeugerbetriebe);JAHR;Jahr;2004;DINSG;Deutschland insgesamt;DG;Deutschland;HAGR01;Holzartengruppen;HLZ-FICH-UA;Fichte, Tanne, Douglasie und sonstiges Nadelholz;33475,0;1000 cbm;HES001;Holzeinschlag;e
41261;Holzeinschlagsstatistik (forstl. Erzeugerbetriebe);JAHR;Jahr;1998;DINSG;Deutschland insgesamt;DG;Deutschland;HAGR01;Holzartengruppen;HLZ-KIEF-LAER;Kiefer und Lärche;9238,0;1000 cbm;HES001;Holzeinschlag;e
41261;Holzeinschlagsstatistik (forstl. Erzeugerbetriebe);JAHR;Jahr;2023;DINSG;Deutschland insgesamt;DG;Deutschland;HAGR01;Holzartengruppen;HLZ-FICH-UA;Fichte, Tanne, Douglasie und sonstiges Nadelholz;46614,2;1000 cbm;HES001;Holzeinschlag;e
41261;Holzeinschlagsstatistik (forstl. Erzeugerbetriebe);JAHR;Jahr;2018;DINSG;Deutschland insgesamt;DG;Deutschland;HAGR01;Holzartengruppen;HLZ-EICH-REIC;Eiche und Roteiche;2031,5;1000 cbm;HES001;Holzeinschlag;e
41261;Holzeinschlagsstatistik (forstl. Erzeugerbetriebe);JAHR;Jahr;2000;DINSG;Deutschland insgesamt;DG;Deutschland;HAGR01;Holzartengruppen;HLZ-FICH-UA;Fichte, Tanne, Douglasie und sonstiges Nadelholz;34265,0;1000 cbm;HES001;Holzeinschlag;e
41261;Holzeinschlagsstatistik (forstl. Erzeugerbetriebe);JAHR;Jahr;2023;DINSG;Deutschland insgesamt;DG;Deutschland;HAGR01;Holzartengruppen;HLZ-BUCH-LAUB;Buche und sonstiges Laubholz;10643,7;1000 cbm;HES001;Holzeinschlag;e
41261;Holzeinschlagsstatistik (forstl. Erzeugerbetriebe);JAHR;Jahr;2014;DINSG;Deutschland insgesamt;DG;Deutschland;HAGR01;Holzartengruppen;HLZ-EICH-REIC;Eiche und Roteiche;2211,3;1000 cbm;HES001;Holzeinschlag;e
41261;Holzeinschlagsstatistik (forstl. Erzeugerbetriebe);JAHR;Jahr;2004;DINSG;Deutschland insgesamt;DG;Deutschland;HAGR01;Holzartengruppen;HLZ-BUCH-LAUB;Buche und sonstiges Laubholz;8668,4;1000 cbm;HES001;Holzeinschlag;e
41261;Holzeinschlagsstatistik (forstl. Erzeugerbetriebe);JAHR;Jahr;2013;DINSG;Deutschland insgesamt;DG;Deutschland;HAGR01;Holzartengruppen;HLZ-KIEF-LAER;Kiefer und Lärche;13532,8;1000 cbm;HES001;Holzeinschlag;e
41261;Holzeinschlagsstatistik (forstl. Erzeugerbetriebe);JAHR;Jahr;1998;DINSG;Deutschland insgesamt;DG;Deutschland;HAGR01;Holzartengruppen;HLZ-FICH-UA;Fichte, Tanne, Douglasie und sonstiges Nadelholz;20332,0;1000 cbm;HES001;Holzeinschlag;e
41261;Holzeinschlagsstatistik (forstl. Erzeugerbetriebe);JAHR;Jahr;2017;DINSG;Deutschland insgesamt;DG;Deutschland;HAGR01;Holzartengruppen;HLZ-KIEF-LAER;Kiefer und Lärche;12016,5;1000 cbm;HES001;Holzeinschlag;e
41261;Holzeinschlagsstatistik (forstl. Erzeugerbetriebe);JAHR;Jahr;2019;DINSG;Deutschland insgesamt;DG;Deutschland;HAGR01;Holzartengruppen;HLZ-BUCH-LAUB;Buche und sonstiges Laubholz;9976,8;1000 cbm;HES001;Holzeinschlag;e
41261;Holzeinschlagsstatistik (forstl. Erzeugerbetriebe);JAHR;Jahr;2023;DINSG;Deutschland insgesamt;DG;Deutschland;HAGR01;Holzartengruppen;HLZ-EICH-REIC;Eiche und Roteiche;1853,3;1000 cbm;HES001;Holzeinschlag;e
41261;Holzeinschlagsstatistik (forstl. Erzeugerbetriebe);JAHR;Jahr;2014;DINSG;Deutschland insgesamt;DG;Deutschland;HAGR01;Holzartengruppen;;Insgesamt;54356,2;1000 cbm;HES001;Holzeinschlag;e
41261;Holzeinschlagsstatistik (forstl. Erzeugerbetriebe);JAHR;Jahr;2018;DINSG;Deutschland insgesamt;DG;Deutschland;HAGR01;Holzartengruppen;HLZ-FICH-UA;Fichte, Tanne, Douglasie und sonstiges Nadelholz;39422,7;1000 cbm;HES001;Holzeinschlag;e
41261;Holzeinschlagsstatistik (forstl. Erzeugerbetriebe);JAHR;Jahr;2000;DINSG;Deutschland insgesamt;DG;Deutschland;HAGR01;Holzartengruppen;HLZ-EICH-REIC;Eiche und Roteiche;1677,1;1000 cbm;HES001;Holzeinschlag;e
41261;Holzeinschlagsstatistik (forstl. Erzeugerbetriebe);JAHR;Jahr;2010;DINSG;Deutschland insgesamt;DG;Deutschland;HAGR01;Holzartengruppen;;Insgesamt;54418,4;1000 cbm;HES001;Holzeinschlag;e
41261;Holzeinschlagsstatistik (forstl. Erzeugerbetriebe);JAHR;Jahr;2014;DINSG;Deutschland insgesamt;DG;Deutschland;HAGR01;Holzartengruppen;HLZ-FICH-UA;Fichte, Tanne, Douglasie und sonstiges Nadelholz;26834,4;1000 cbm;HES001;Holzeinschlag;e
41261;Holzeinschlagsstatistik (forstl. Erzeugerbetriebe);JAHR;Jahr;2010;DINSG;Deutschland insgesamt;DG;Deutschland;HAGR01;Holzartengruppen;HLZ-FICH-UA;Fichte, Tanne, Douglasie und sonstiges Nadelholz;30445,3;1000 cbm;HES001;Holzeinschlag;e
41261;Holzeinschlagsstatistik (forstl. Erzeugerbetriebe);JAHR;Jahr;2011;DINSG;Deutschland insgesamt;DG;Deutschland;HAGR01;Holzartengruppen;HLZ-BUCH-LAUB;Buche und sonstiges Laubholz;12244,2;1000 cbm;HES001;Holzeinschlag;e
41261;Holzeinschlagsstatistik (forstl. Erzeugerbetriebe);JAHR;Jahr;2008;DINSG;Deutschland insgesamt;DG;Deutschland;HAGR01;Holzartengruppen;HLZ-EICH-REIC;Eiche und Roteiche;2088,9;1000 cbm;HES001;Holzeinschlag;e
41261;Holzeinschlagsstatistik (forstl. Erzeugerbetriebe);JAHR;Jahr;2018;DINSG;Deutschland insgesamt;DG;Deutschland;HAGR01;Holzartengruppen;;Insgesamt;64550,3;1000 cbm;HES001;Holzeinschlag;e
41261;Holzeinschlagsstatistik (forstl. Erzeugerbetriebe);JAHR;Jahr;2004;DINSG;Deutschland insgesamt;DG;Deutschland;HAGR01;Holzartengruppen;HLZ-EICH-REIC;Eiche und Roteiche;2016,7;1000 cbm;HES001;Holzeinschlag;e
41261;Holzeinschlagsstatistik (forstl. Erzeugerbetriebe);JAHR;Jahr;2015;DINSG;Deutschland insgesamt;DG;Deutschland;HAGR01;Holzartengruppen;HLZ-BUCH-LAUB;Buche und sonstiges Laubholz;11484,1;1000 cbm;HES001;Holzeinschlag;e
41261;Holzeinschlagsstatistik (forstl. Erzeugerbetriebe);JAHR;Jahr;2007;DINSG;Deutschland insgesamt;DG;Deutschland;HAGR01;Holzartengruppen;HLZ-BUCH-LAUB;Buche und sonstiges Laubholz;10980,6;1000 cbm;HES001;Holzeinschlag;e
41261;Holzeinschlagsstatistik (forstl. Erzeugerbetriebe);JAHR;Jahr;2001;DINSG;Deutschland insgesamt;DG;Deutschland;HAGR01;Holzartengruppen;HLZ-KIEF-LAER;Kiefer und Lärche;8896,2;1000 cbm;HES001;Holzeinschlag;e
41261;Holzeinschlagsstatistik (forstl. Erzeugerbetriebe);JAHR;Jahr;1998;DINSG;Deutschland insgesamt;DG;Deutschland;HAGR01;Holzartengruppen;HLZ-EICH-REIC;Eiche und Roteiche;1429,0;1000 cbm;HES001;Holzeinschlag;e
41261;Holzeinschlagsstatistik (forstl. Erzeugerbetriebe);JAHR;Jahr;2009;DINSG;Deutschland insgesamt;DG;Deutschland;HAGR01;Holzartengruppen;HLZ-KIEF-LAER;Kiefer und Lärche;10109,5;1000 cbm;HES001;Holzeinschlag;e
41261;Holzeinschlagsstatistik (forstl. Erzeugerbetriebe);JAHR;Jahr;2020;DINSG;Deutschland insgesamt;DG;Deutschland;HAGR01;Holzartengruppen;HLZ-KIEF-LAER;Kiefer und Lärche;8044,2;1000 cbm;HES001;Holzeinschlag;e
41261;Holzeinschlagsstatistik (forstl. Erzeugerbetriebe);JAHR;Jahr;2024;DINSG;Deutschland insgesamt;DG;Deutschland;HAGR01;Holzartengruppen;HLZ-KIEF-LAER;Kiefer und Lärche;12041,6;1000 cbm;HES001;Holzeinschlag;e
41261;Holzeinschlagsstatistik (forstl. Erzeugerbetriebe);JAHR;Jahr;2005;DINSG;Deutschland insgesamt;DG;Deutschland;HAGR01;Holzartengruppen;HLZ-KIEF-LAER;Kiefer und Lärche;11351,9;1000 cbm;HES001;Holzeinschlag;e
41261;Holzeinschlagsstatistik (forstl. Erzeugerbetriebe);JAHR;Jahr;2007;DINSG;Deutschland insgesamt;DG;Deutschland;HAGR01;Holzartengruppen;HLZ-FICH-UA;Fichte, Tanne, Douglasie und sonstiges Nadelholz;50377,5;1000 cbm;HES001;Holzeinschlag;e
41261;Holzeinschlagsstatistik (forstl. Erzeugerbetriebe);JAHR;Jahr;2011;DINSG;Deutschland insgesamt;DG;Deutschland;HAGR01;Holzartengruppen;HLZ-EICH-REIC;Eiche und Roteiche;2187,6;1000 cbm;HES001;Holzeinschlag;e
41261;Holzeinschlagsstatistik (forstl. Erzeugerbetriebe);JAHR;Jahr;2022;DINSG;Deutschland insgesamt;DG;Deutschland;HAGR01;Holzartengruppen;;Insgesamt;78686,2;1000 cbm;HES001;Holzeinschlag;e
41261;Holzeinschlagsstatistik (forstl. Erzeugerbetriebe);JAHR;Jahr;2003;DINSG;Deutschland insgesamt;DG;Deutschland;HAGR01;Holzartengruppen;HLZ-FICH-UA;Fichte, Tanne, Douglasie und sonstiges Nadelholz;30556,7;1000 cbm;HES001;Holzeinschlag;e
41261;Holzeinschlagsstatistik (forstl. Erzeugerbetriebe);JAHR;Jahr;2003;DINSG;Deutschland insgesamt;DG;Deutschland;HAGR01;Holzartengruppen;;Insgesamt;51182,0;1000 cbm;HES001;Holzeinschlag;e
41261;Holzeinschlagsstatistik (forstl. Erzeugerbetriebe);JAHR;Jahr;2022;DINSG;Deutschland insgesamt;DG;Deutschland;HAGR01;Holzartengruppen;HLZ-FICH-UA;Fichte, Tanne, Douglasie und sonstiges Nadelholz;52809,3;1000 cbm;HES001;Holzeinschlag;e
41261;Holzeinschlagsstatistik (forstl. Erzeugerbetriebe);JAHR;Jahr;1999;DINSG;Deutschland insgesamt;DG;Deutschland;HAGR01;Holzartengruppen;HLZ-KIEF-LAER;Kiefer und Lärche;9246,0;1000 cbm;HES001;Holzeinschlag;e
41261;Holzeinschlagsstatistik (forstl. Erzeugerbetriebe);JAHR;Jahr;2019;DINSG;Deutschland insgesamt;DG;Deutschland;HAGR01;Holzartengruppen;HLZ-EICH-REIC;Eiche und Roteiche;1740,2;1000 cbm;HES001;Holzeinschlag;e
41261;Holzeinschlagsstatistik (forstl. Erzeugerbetriebe);JAHR;Jahr;2022;DINSG;Deutschland insgesamt;DG;Deutschland;HAGR01;Holzartengruppen;HLZ-BUCH-LAUB;Buche und sonstiges Laubholz;10691,4;1000 cbm;HES001;Holzeinschlag;e
41261;Holzeinschlagsstatistik (forstl. Erzeugerbetriebe);JAHR;Jahr;2007;DINSG;Deutschland insgesamt;DG;Deutschland;HAGR01;Holzartengruppen;;Insgesamt;76728,1;1000 cbm;HES001;Holzeinschlag;e
41261;Holzeinschlagsstatistik (forstl. Erzeugerbetriebe);JAHR;Jahr;2003;DINSG;Deutschland insgesamt;DG;Deutschland;HAGR01;Holzartengruppen;HLZ-BUCH-LAUB;Buche und sonstiges Laubholz;8786,4;1000 cbm;HES001;Holzeinschlag;e
41261;Holzeinschlagsstatistik (forstl. Erzeugerbetriebe);JAHR;Jahr;2015;DINSG;Deutschland insgesamt;DG;Deutschland;HAGR01;Holzartengruppen;HLZ-EICH-REIC;Eiche und Roteiche;2079,0;1000 cbm;HES001;Holzeinschlag;e
